FirstName,LastName,CITY,ID
Fname: 1180,Lname: 1467,City: 701,ID: 348
Fname: 782,Lname: 848,City: 55,ID: 212
Fname: 12,Lname: 152,City: 843,ID: 1381
Fname: 0,Lname: 925,City: 1295,ID: 26
Fname: 1409,Lname: 1184,City: 909,ID: 1065
Fname: 1052,Lname: 1484,City: 685,ID: 338
Fname: 1163,Lname: 1147,City: 144,ID: 1471
Fname: 659,Lname: 310,City: 248,ID: 76
Fname: 255,Lname: 309,City: 415,ID: 752
Fname: 776,Lname: 553,City: 930,ID: 753
Fname: 682,Lname: 297,City: 1190,ID: 1215
Fname: 714,Lname: 988,City: 790,ID: 1163
Fname: 63,Lname: 409,City: 976,ID: 1449
Fname: 958,Lname: 1469,City: 1079,ID: 850
Fname: 512,Lname: 725,City: 201,ID: 1244
Fname: 245,Lname: 1251,City: 747,ID: 473
Fname: 1382,Lname: 750,City: 806,ID: 1392
Fname: 1339,Lname: 1077,City: 1310,ID: 630
Fname: 1119,Lname: 598,City: 45,ID: 532
Fname: 531,Lname: 362,City: 938,ID: 386
Fname: 658,Lname: 513,City: 355,ID: 5
Fname: 467,Lname: 925,City: 604,ID: 507
Fname: 59,Lname: 549,City: 1009,ID: 730
Fname: 945,Lname: 839,City: 1488,ID: 141
Fname: 1423,Lname: 1149,City: 835,ID: 646
Fname: 1395,Lname: 740,City: 80,ID: 240
Fname: 820,Lname: 1004,City: 194,ID: 711
Fname: 511,Lname: 1364,City: 352,ID: 986
Fname: 984,Lname: 1274,City: 1336,ID: 928
Fname: 582,Lname: 1150,City: 444,ID: 1217
Fname: 297,Lname: 1066,City: 799,ID: 1346
Fname: 635,Lname: 1417,City: 764,ID: 838
Fname: 639,Lname: 258,City: 14,ID: 1336
Fname: 49,Lname: 730,City: 755,ID: 268
Fname: 527,Lname: 172,City: 1214,ID: 493
Fname: 1319,Lname: 441,City: 213,ID: 1316
Fname: 310,Lname: 166,City: 1010,ID: 488
Fname: 1167,Lname: 1003,City: 1279,ID: 243
Fname: 88,Lname: 511,City: 1354,ID: 1330
Fname: 1250,Lname: 20,City: 1442,ID: 118
Fname: 719,Lname: 533,City: 620,ID: 348
Fname: 819,Lname: 8,City: 593,ID: 1331
Fname: 366,Lname: 1171,City: 636,ID: 1483
Fname: 1355,Lname: 1397,City: 1312,ID: 1402
Fname: 1186,Lname: 1087,City: 867,ID: 788
Fname: 232,Lname: 176,City: 516,ID: 1418
Fname: 277,Lname: 132,City: 610,ID: 902
Fname: 706,Lname: 1129,City: 42,ID: 53
Fname: 1063,Lname: 212,City: 794,ID: 236
Fname: 862,Lname: 1435,City: 224,ID: 844
Fname: 758,Lname: 197,City: 777,ID: 930
Fname: 263,Lname: 105,City: 646,ID: 759
Fname: 1178,Lname: 170,City: 96,ID: 191
Fname: 1451,Lname: 1412,City: 522,ID: 187
Fname: 1493,Lname: 1494,City: 882,ID: 55
Fname: 685,Lname: 1119,City: 697,ID: 975
Fname: 727,Lname: 376,City: 1253,ID: 937
Fname: 695,Lname: 893,City: 916,ID: 740
Fname: 582,Lname: 666,City: 880,ID: 1413
Fname: 348,Lname: 1269,City: 1410,ID: 213
Fname: 1414,Lname: 290,City: 338,ID: 1316
Fname: 1011,Lname: 1355,City: 1364,ID: 471
Fname: 1162,Lname: 716,City: 562,ID: 30
Fname: 69,Lname: 993,City: 1454,ID: 253
Fname: 1334,Lname: 667,City: 421,ID: 982
Fname: 558,Lname: 136,City: 27,ID: 1444
Fname: 110,Lname: 394,City: 466,ID: 502
Fname: 1460,Lname: 512,City: 171,ID: 93
Fname: 1106,Lname: 1384,City: 751,ID: 316
Fname: 434,Lname: 965,City: 1187,ID: 775
Fname: 723,Lname: 485,City: 309,ID: 1073
Fname: 441,Lname: 99,City: 447,ID: 714
Fname: 286,Lname: 562,City: 999,ID: 40
Fname: 138,Lname: 90,City: 383,ID: 250
Fname: 154,Lname: 753,City: 1467,ID: 273
Fname: 889,Lname: 795,City: 1277,ID: 143
Fname: 356,Lname: 1357,City: 22,ID: 639
Fname: 574,Lname: 500,City: 731,ID: 421
Fname: 295,Lname: 1494,City: 840,ID: 1478
Fname: 845,Lname: 1131,City: 569,ID: 633
Fname: 916,Lname: 1379,City: 384,ID: 382
Fname: 1005,Lname: 951,City: 769,ID: 1155
Fname: 409,Lname: 1316,City: 100,ID: 1231
Fname: 440,Lname: 868,City: 700,ID: 981
Fname: 382,Lname: 1363,City: 1024,ID: 1292
Fname: 856,Lname: 1153,City: 1365,ID: 985
Fname: 1199,Lname: 1156,City: 1318,ID: 33
Fname: 478,Lname: 226,City: 533,ID: 545
Fname: 130,Lname: 518,City: 1078,ID: 260
Fname: 457,Lname: 1153,City: 676,ID: 22
Fname: 353,Lname: 596,City: 670,ID: 270
Fname: 498,Lname: 11,City: 716,ID: 937
Fname: 660,Lname: 371,City: 261,ID: 510
Fname: 787,Lname: 557,City: 1102,ID: 625
Fname: 964,Lname: 1252,City: 1288,ID: 821
Fname: 1428,Lname: 181,City: 809,ID: 303
Fname: 217,Lname: 1341,City: 273,ID: 1263
Fname: 343,Lname: 479,City: 65,ID: 832
Fname: 332,Lname: 1261,City: 1123,ID: 1173
Fname: 372,Lname: 714,City: 1082,ID: 1367
Fname: 428,Lname: 361,City: 784,ID: 169
Fname: 481,Lname: 1387,City: 1203,ID: 1210
Fname: 1457,Lname: 1193,City: 1245,ID: 166
Fname: 1272,Lname: 1230,City: 516,ID: 508
Fname: 859,Lname: 804,City: 614,ID: 686
Fname: 1065,Lname: 846,City: 482,ID: 1247
Fname: 978,Lname: 281,City: 1132,ID: 802
Fname: 888,Lname: 86,City: 581,ID: 141
Fname: 602,Lname: 1116,City: 1318,ID: 203
Fname: 51,Lname: 200,City: 1039,ID: 1081
Fname: 1384,Lname: 1004,City: 1032,ID: 1125
Fname: 485,Lname: 581,City: 220,ID: 1266
Fname: 1011,Lname: 1281,City: 1114,ID: 1010
Fname: 1124,Lname: 1291,City: 6,ID: 587
Fname: 31,Lname: 128,City: 1324,ID: 570
Fname: 1359,Lname: 200,City: 688,ID: 690
Fname: 1413,Lname: 135,City: 12,ID: 1013
Fname: 1480,Lname: 1332,City: 19,ID: 1409
Fname: 550,Lname: 434,City: 1437,ID: 765
Fname: 1412,Lname: 764,City: 337,ID: 1409
Fname: 1449,Lname: 563,City: 737,ID: 566
Fname: 474,Lname: 1490,City: 997,ID: 73
Fname: 306,Lname: 650,City: 416,ID: 1188
Fname: 932,Lname: 515,City: 589,ID: 976
Fname: 1170,Lname: 1169,City: 548,ID: 1463
Fname: 1043,Lname: 1452,City: 1329,ID: 396
Fname: 115,Lname: 1435,City: 1343,ID: 931
Fname: 1073,Lname: 1446,City: 48,ID: 470
Fname: 1457,Lname: 1490,City: 965,ID: 422
Fname: 963,Lname: 991,City: 542,ID: 176
Fname: 486,Lname: 453,City: 684,ID: 238
Fname: 927,Lname: 212,City: 305,ID: 824
Fname: 78,Lname: 1441,City: 497,ID: 1068
Fname: 659,Lname: 1058,City: 918,ID: 434
Fname: 710,Lname: 375,City: 614,ID: 1213
Fname: 929,Lname: 645,City: 307,ID: 1353
Fname: 516,Lname: 1073,City: 350,ID: 721
Fname: 1444,Lname: 612,City: 726,ID: 629
Fname: 963,Lname: 1411,City: 235,ID: 274
Fname: 1005,Lname: 239,City: 114,ID: 967
Fname: 400,Lname: 852,City: 1332,ID: 879
Fname: 1240,Lname: 1465,City: 361,ID: 245
Fname: 1324,Lname: 145,City: 1378,ID: 371
Fname: 410,Lname: 1102,City: 391,ID: 643
Fname: 1137,Lname: 920,City: 1453,ID: 812
Fname: 191,Lname: 1151,City: 1312,ID: 856
Fname: 967,Lname: 1458,City: 994,ID: 1454
Fname: 1369,Lname: 1499,City: 730,ID: 1011
Fname: 61,Lname: 1227,City: 1242,ID: 776
Fname: 175,Lname: 396,City: 533,ID: 695
Fname: 1407,Lname: 1233,City: 409,ID: 758
Fname: 578,Lname: 1259,City: 1288,ID: 1211
Fname: 254,Lname: 1321,City: 330,ID: 739
Fname: 1429,Lname: 745,City: 52,ID: 420
Fname: 503,Lname: 7,City: 1475,ID: 774
Fname: 1272,Lname: 1343,City: 805,ID: 1466
Fname: 949,Lname: 343,City: 800,ID: 893
Fname: 1213,Lname: 1228,City: 48,ID: 204
Fname: 653,Lname: 146,City: 431,ID: 723
Fname: 1303,Lname: 85,City: 941,ID: 997
Fname: 1375,Lname: 569,City: 779,ID: 673
Fname: 1310,Lname: 0,City: 1064,ID: 1263
Fname: 752,Lname: 756,City: 249,ID: 486
Fname: 718,Lname: 514,City: 753,ID: 374
Fname: 1103,Lname: 1097,City: 437,ID: 352
Fname: 1212,Lname: 1396,City: 1385,ID: 4
Fname: 849,Lname: 881,City: 1167,ID: 51
Fname: 398,Lname: 1019,City: 348,ID: 774
Fname: 1103,Lname: 890,City: 831,ID: 148
Fname: 539,Lname: 502,City: 266,ID: 762
Fname: 1325,Lname: 456,City: 450,ID: 726
Fname: 1352,Lname: 595,City: 513,ID: 569
Fname: 723,Lname: 1109,City: 1218,ID: 773
Fname: 689,Lname: 1130,City: 269,ID: 131
Fname: 935,Lname: 872,City: 311,ID: 763
Fname: 933,Lname: 777,City: 1285,ID: 982
Fname: 585,Lname: 764,City: 760,ID: 1351
Fname: 593,Lname: 478,City: 1073,ID: 1228
Fname: 570,Lname: 1069,City: 504,ID: 1293
Fname: 610,Lname: 358,City: 549,ID: 374
Fname: 1010,Lname: 288,City: 670,ID: 1171
Fname: 1470,Lname: 1180,City: 386,ID: 197
Fname: 278,Lname: 464,City: 491,ID: 403
Fname: 669,Lname: 47,City: 289,ID: 276
Fname: 1167,Lname: 894,City: 877,ID: 196
Fname: 1429,Lname: 1348,City: 1365,ID: 1188
Fname: 898,Lname: 103,City: 770,ID: 614
Fname: 663,Lname: 98,City: 1409,ID: 727
Fname: 1004,Lname: 363,City: 1287,ID: 781
Fname: 1150,Lname: 449,City: 1443,ID: 1078
Fname: 1449,Lname: 776,City: 41,ID: 356
Fname: 62,Lname: 1302,City: 1301,ID: 648
Fname: 851,Lname: 962,City: 1112,ID: 1390
Fname: 392,Lname: 45,City: 1139,ID: 255
Fname: 1158,Lname: 1041,City: 1007,ID: 833
Fname: 166,Lname: 1094,City: 576,ID: 756
Fname: 1317,Lname: 53,City: 755,ID: 1127
Fname: 547,Lname: 477,City: 434,ID: 101
Fname: 917,Lname: 782,City: 147,ID: 1334
Fname: 717,Lname: 394,City: 603,ID: 142
Fname: 1297,Lname: 50,City: 386,ID: 597
Fname: 1149,Lname: 279,City: 69,ID: 1140
Fname: 1452,Lname: 401,City: 795,ID: 953
Fname: 930,Lname: 482,City: 1495,ID: 840
Fname: 405,Lname: 1422,City: 329,ID: 1100
Fname: 1366,Lname: 1349,City: 227,ID: 453
Fname: 454,Lname: 1496,City: 353,ID: 937
Fname: 804,Lname: 1170,City: 191,ID: 498
Fname: 966,Lname: 990,City: 546,ID: 232
Fname: 1428,Lname: 951,City: 1412,ID: 272
Fname: 790,Lname: 503,City: 478,ID: 165
Fname: 28,Lname: 806,City: 258,ID: 1488
Fname: 1241,Lname: 370,City: 1454,ID: 1424
Fname: 1157,Lname: 1155,City: 1455,ID: 745
Fname: 1257,Lname: 1474,City: 1054,ID: 1067
Fname: 1304,Lname: 604,City: 1361,ID: 1456
Fname: 72,Lname: 1348,City: 436,ID: 1000
Fname: 1442,Lname: 1339,City: 691,ID: 663
Fname: 1374,Lname: 1318,City: 1149,ID: 1392
Fname: 902,Lname: 1388,City: 30,ID: 277
Fname: 556,Lname: 29,City: 802,ID: 1491
Fname: 568,Lname: 1401,City: 1448,ID: 1307
Fname: 53,Lname: 1094,City: 64,ID: 875
Fname: 959,Lname: 720,City: 1360,ID: 120
Fname: 807,Lname: 132,City: 571,ID: 539
Fname: 57,Lname: 565,City: 582,ID: 754
Fname: 1379,Lname: 304,City: 90,ID: 158
Fname: 803,Lname: 1022,City: 136,ID: 1209
Fname: 799,Lname: 258,City: 1131,ID: 1031
Fname: 611,Lname: 1328,City: 915,ID: 762
Fname: 1169,Lname: 585,City: 981,ID: 521
Fname: 501,Lname: 1500,City: 793,ID: 489
Fname: 1380,Lname: 335,City: 52,ID: 140
Fname: 1419,Lname: 628,City: 1105,ID: 764
Fname: 452,Lname: 5,City: 460,ID: 437
Fname: 1338,Lname: 29,City: 773,ID: 137
Fname: 18,Lname: 842,City: 187,ID: 1228
Fname: 772,Lname: 161,City: 362,ID: 654
Fname: 805,Lname: 590,City: 261,ID: 377
Fname: 1063,Lname: 826,City: 1429,ID: 259
Fname: 861,Lname: 1113,City: 1080,ID: 542
Fname: 412,Lname: 949,City: 702,ID: 233
Fname: 800,Lname: 516,City: 1253,ID: 1079
Fname: 1011,Lname: 885,City: 1282,ID: 635
Fname: 37,Lname: 812,City: 186,ID: 678
Fname: 1236,Lname: 695,City: 17,ID: 355
Fname: 318,Lname: 293,City: 500,ID: 860
Fname: 1298,Lname: 617,City: 627,ID: 1150
Fname: 1076,Lname: 744,City: 1341,ID: 423
Fname: 1112,Lname: 1238,City: 1154,ID: 1087
Fname: 218,Lname: 1011,City: 653,ID: 886
Fname: 167,Lname: 137,City: 509,ID: 239
Fname: 54,Lname: 1235,City: 965,ID: 159
Fname: 1290,Lname: 1117,City: 190,ID: 653
Fname: 170,Lname: 108,City: 345,ID: 1017
Fname: 943,Lname: 718,City: 700,ID: 1129
Fname: 1051,Lname: 415,City: 203,ID: 1470
Fname: 186,Lname: 973,City: 1335,ID: 1444
Fname: 786,Lname: 890,City: 71,ID: 233
Fname: 301,Lname: 855,City: 1078,ID: 305
Fname: 180,Lname: 875,City: 526,ID: 1437
Fname: 521,Lname: 846,City: 1460,ID: 714
Fname: 983,Lname: 894,City: 593,ID: 570
Fname: 1250,Lname: 227,City: 1414,ID: 737
Fname: 1371,Lname: 204,City: 1230,ID: 1420
Fname: 335,Lname: 1423,City: 916,ID: 607
Fname: 4,Lname: 1278,City: 886,ID: 1042
Fname: 1270,Lname: 1,City: 768,ID: 98
Fname: 342,Lname: 825,City: 573,ID: 797
Fname: 492,Lname: 900,City: 763,ID: 1226
Fname: 1333,Lname: 1110,City: 844,ID: 1462
Fname: 285,Lname: 293,City: 644,ID: 358
Fname: 1336,Lname: 503,City: 1474,ID: 1200
Fname: 568,Lname: 881,City: 981,ID: 1298
Fname: 312,Lname: 1399,City: 800,ID: 842
Fname: 360,Lname: 1466,City: 261,ID: 1015
Fname: 1190,Lname: 356,City: 702,ID: 185
Fname: 1469,Lname: 683,City: 956,ID: 499
Fname: 186,Lname: 471,City: 1335,ID: 553
Fname: 353,Lname: 338,City: 865,ID: 206
Fname: 602,Lname: 129,City: 1219,ID: 1328
Fname: 313,Lname: 1113,City: 172,ID: 1192
Fname: 513,Lname: 337,City: 987,ID: 931
Fname: 501,Lname: 192,City: 1217,ID: 749
Fname: 1133,Lname: 1243,City: 631,ID: 679
Fname: 1041,Lname: 598,City: 1022,ID: 274
Fname: 42,Lname: 597,City: 185,ID: 1401
Fname: 700,Lname: 871,City: 858,ID: 160
Fname: 833,Lname: 132,City: 830,ID: 949
Fname: 999,Lname: 1003,City: 188,ID: 1479
Fname: 500,Lname: 1043,City: 1313,ID: 575
Fname: 84,Lname: 686,City: 772,ID: 1014
Fname: 887,Lname: 1465,City: 1417,ID: 244
Fname: 1366,Lname: 706,City: 758,ID: 1437
Fname: 955,Lname: 1105,City: 1397,ID: 771
Fname: 474,Lname: 1215,City: 14,ID: 1094
Fname: 200,Lname: 595,City: 1376,ID: 1195
Fname: 582,Lname: 1452,City: 935,ID: 937
Fname: 176,Lname: 1225,City: 150,ID: 1024
Fname: 157,Lname: 1211,City: 1301,ID: 8
Fname: 503,Lname: 859,City: 985,ID: 1410
Fname: 631,Lname: 213,City: 1075,ID: 451
Fname: 1205,Lname: 1309,City: 1090,ID: 62
Fname: 612,Lname: 1069,City: 292,ID: 680
Fname: 660,Lname: 265,City: 1332,ID: 303
Fname: 116,Lname: 904,City: 1167,ID: 1493
Fname: 926,Lname: 1235,City: 1064,ID: 1198
Fname: 940,Lname: 55,City: 30,ID: 1249
Fname: 1110,Lname: 1068,City: 35,ID: 874
Fname: 371,Lname: 1031,City: 665,ID: 831
Fname: 7,Lname: 785,City: 613,ID: 590
Fname: 1193,Lname: 998,City: 1265,ID: 1314
Fname: 647,Lname: 1179,City: 1225,ID: 1307
Fname: 1156,Lname: 1019,City: 1211,ID: 992
Fname: 159,Lname: 876,City: 384,ID: 1213
Fname: 524,Lname: 374,City: 542,ID: 405
Fname: 586,Lname: 265,City: 265,ID: 538
Fname: 212,Lname: 840,City: 259,ID: 296
Fname: 935,Lname: 540,City: 1178,ID: 427
Fname: 647,Lname: 405,City: 204,ID: 509
Fname: 782,Lname: 996,City: 1183,ID: 714
Fname: 1323,Lname: 876,City: 342,ID: 21
Fname: 295,Lname: 134,City: 304,ID: 1074
Fname: 622,Lname: 906,City: 1028,ID: 100
Fname: 16,Lname: 1463,City: 665,ID: 780
Fname: 974,Lname: 505,City: 914,ID: 1004
Fname: 1327,Lname: 1291,City: 781,ID: 1150
Fname: 1171,Lname: 210,City: 1185,ID: 1472
Fname: 190,Lname: 1193,City: 1373,ID: 1019
Fname: 1011,Lname: 581,City: 26,ID: 124
Fname: 1036,Lname: 303,City: 1070,ID: 321
Fname: 1499,Lname: 967,City: 243,ID: 205
Fname: 996,Lname: 585,City: 489,ID: 335
Fname: 300,Lname: 984,City: 971,ID: 952
Fname: 1174,Lname: 126,City: 940,ID: 1494
Fname: 400,Lname: 854,City: 643,ID: 1051
Fname: 421,Lname: 1244,City: 1204,ID: 567
Fname: 6,Lname: 105,City: 454,ID: 193
Fname: 0,Lname: 1204,City: 802,ID: 760
Fname: 507,Lname: 396,City: 713,ID: 855
Fname: 987,Lname: 1450,City: 1205,ID: 1086
Fname: 1437,Lname: 1037,City: 313,ID: 383
Fname: 296,Lname: 1039,City: 267,ID: 94
Fname: 864,Lname: 1023,City: 288,ID: 872
Fname: 596,Lname: 962,City: 1500,ID: 551
Fname: 1211,Lname: 170,City: 1300,ID: 110
Fname: 1034,Lname: 116,City: 786,ID: 897
Fname: 1444,Lname: 722,City: 23,ID: 669
Fname: 631,Lname: 1148,City: 467,ID: 1418
Fname: 287,Lname: 694,City: 479,ID: 1399
Fname: 16,Lname: 690,City: 745,ID: 1463
Fname: 292,Lname: 1197,City: 658,ID: 70
Fname: 240,Lname: 10,City: 81,ID: 1394
Fname: 484,Lname: 151,City: 139,ID: 932
Fname: 1253,Lname: 681,City: 858,ID: 1362
Fname: 464,Lname: 851,City: 1262,ID: 1310
Fname: 228,Lname: 251,City: 1332,ID: 1388
Fname: 1024,Lname: 662,City: 1437,ID: 1294
Fname: 469,Lname: 1050,City: 557,ID: 1040
Fname: 818,Lname: 23,City: 1124,ID: 1266
Fname: 955,Lname: 1418,City: 1232,ID: 471
Fname: 1488,Lname: 1497,City: 482,ID: 412
Fname: 286,Lname: 178,City: 1055,ID: 1170
Fname: 571,Lname: 1261,City: 1199,ID: 1178
Fname: 200,Lname: 1258,City: 148,ID: 1314
Fname: 1431,Lname: 379,City: 1018,ID: 834
Fname: 608,Lname: 732,City: 332,ID: 530
Fname: 1411,Lname: 1058,City: 159,ID: 27
Fname: 370,Lname: 818,City: 1341,ID: 899
Fname: 19,Lname: 407,City: 3,ID: 1255
Fname: 447,Lname: 1436,City: 857,ID: 1417
Fname: 1478,Lname: 731,City: 865,ID: 1186
Fname: 22,Lname: 550,City: 237,ID: 1467
Fname: 1032,Lname: 650,City: 1272,ID: 1467
Fname: 710,Lname: 408,City: 883,ID: 1133
Fname: 401,Lname: 901,City: 810,ID: 1398
Fname: 404,Lname: 457,City: 1299,ID: 910
Fname: 746,Lname: 860,City: 1167,ID: 382
Fname: 1068,Lname: 1424,City: 537,ID: 659
Fname: 955,Lname: 516,City: 736,ID: 1255
Fname: 286,Lname: 1150,City: 1237,ID: 673
Fname: 396,Lname: 771,City: 327,ID: 89
Fname: 274,Lname: 39,City: 265,ID: 4
Fname: 723,Lname: 968,City: 627,ID: 1273
Fname: 97,Lname: 339,City: 866,ID: 448
Fname: 664,Lname: 555,City: 1174,ID: 29
Fname: 1014,Lname: 306,City: 1440,ID: 349
Fname: 916,Lname: 50,City: 785,ID: 1167
Fname: 878,Lname: 59,City: 461,ID: 967
Fname: 909,Lname: 1018,City: 348,ID: 1337
Fname: 1270,Lname: 1498,City: 229,ID: 313
Fname: 520,Lname: 607,City: 978,ID: 855
Fname: 1020,Lname: 1435,City: 885,ID: 1005
Fname: 727,Lname: 858,City: 1475,ID: 62
Fname: 935,Lname: 1266,City: 557,ID: 688
Fname: 1192,Lname: 493,City: 380,ID: 1051
Fname: 457,Lname: 1203,City: 356,ID: 1294
Fname: 414,Lname: 272,City: 1203,ID: 802
Fname: 557,Lname: 1425,City: 1448,ID: 858
Fname: 583,Lname: 1496,City: 877,ID: 967
Fname: 1279,Lname: 340,City: 1079,ID: 247
Fname: 1356,Lname: 1163,City: 991,ID: 201
Fname: 1108,Lname: 469,City: 1459,ID: 581
Fname: 486,Lname: 585,City: 22,ID: 1051
Fname: 1361,Lname: 426,City: 493,ID: 496
Fname: 501,Lname: 305,City: 556,ID: 1353
Fname: 1144,Lname: 259,City: 558,ID: 18
Fname: 491,Lname: 1192,City: 1135,ID: 870
Fname: 401,Lname: 162,City: 1397,ID: 1180
Fname: 690,Lname: 1322,City: 308,ID: 606
Fname: 807,Lname: 519,City: 490,ID: 647
Fname: 1455,Lname: 1155,City: 339,ID: 23
Fname: 1366,Lname: 218,City: 900,ID: 1208
Fname: 376,Lname: 66,City: 1403,ID: 94
Fname: 390,Lname: 982,City: 322,ID: 347
Fname: 215,Lname: 1483,City: 1218,ID: 1271
Fname: 1451,Lname: 871,City: 478,ID: 69
Fname: 75,Lname: 539,City: 926,ID: 386
Fname: 354,Lname: 429,City: 1311,ID: 1245
Fname: 836,Lname: 296,City: 62,ID: 1484
Fname: 1219,Lname: 354,City: 479,ID: 368
Fname: 310,Lname: 726,City: 387,ID: 1467
Fname: 1293,Lname: 1052,City: 681,ID: 341
Fname: 109,Lname: 1448,City: 752,ID: 10
Fname: 1278,Lname: 1226,City: 137,ID: 285
Fname: 1457,Lname: 666,City: 848,ID: 342
Fname: 354,Lname: 76,City: 605,ID: 877
Fname: 47,Lname: 1381,City: 120,ID: 104
Fname: 349,Lname: 1280,City: 916,ID: 329
Fname: 859,Lname: 198,City: 24,ID: 475
Fname: 746,Lname: 659,City: 169,ID: 1499
Fname: 849,Lname: 1231,City: 652,ID: 961
Fname: 495,Lname: 920,City: 1347,ID: 1315
Fname: 1067,Lname: 127,City: 1264,ID: 832
Fname: 1443,Lname: 697,City: 699,ID: 218
Fname: 796,Lname: 315,City: 85,ID: 183
Fname: 1281,Lname: 1326,City: 1294,ID: 762
Fname: 849,Lname: 106,City: 427,ID: 525
Fname: 1485,Lname: 1282,City: 1222,ID: 961
Fname: 647,Lname: 1035,City: 179,ID: 1278
Fname: 507,Lname: 1046,City: 1099,ID: 1313
Fname: 260,Lname: 1423,City: 1168,ID: 13
Fname: 1194,Lname: 885,City: 1365,ID: 1254
Fname: 798,Lname: 985,City: 1376,ID: 367
Fname: 949,Lname: 1401,City: 661,ID: 192
Fname: 393,Lname: 24,City: 595,ID: 242
Fname: 1327,Lname: 1417,City: 1047,ID: 1352
Fname: 539,Lname: 1385,City: 74,ID: 359
Fname: 714,Lname: 268,City: 236,ID: 508
Fname: 798,Lname: 1214,City: 205,ID: 178
Fname: 921,Lname: 1474,City: 652,ID: 819
Fname: 189,Lname: 99,City: 331,ID: 235
Fname: 115,Lname: 957,City: 699,ID: 1458
Fname: 1103,Lname: 688,City: 104,ID: 1050
Fname: 1391,Lname: 686,City: 1067,ID: 1408
Fname: 1276,Lname: 1179,City: 727,ID: 65
Fname: 1177,Lname: 1353,City: 218,ID: 1329
Fname: 1024,Lname: 100,City: 645,ID: 1242
Fname: 1320,Lname: 1451,City: 890,ID: 625
Fname: 1348,Lname: 1279,City: 291,ID: 375
Fname: 930,Lname: 1450,City: 905,ID: 691
Fname: 1049,Lname: 516,City: 183,ID: 1356
Fname: 840,Lname: 198,City: 344,ID: 1172
Fname: 575,Lname: 171,City: 1227,ID: 1313
Fname: 1036,Lname: 41,City: 720,ID: 975
Fname: 473,Lname: 1261,City: 263,ID: 1311
Fname: 515,Lname: 975,City: 41,ID: 259
Fname: 1029,Lname: 1177,City: 1309,ID: 1241
Fname: 355,Lname: 54,City: 190,ID: 1261
Fname: 573,Lname: 1019,City: 1241,ID: 436
Fname: 682,Lname: 59,City: 638,ID: 1325
Fname: 791,Lname: 1169,City: 982,ID: 916
Fname: 302,Lname: 526,City: 259,ID: 176
Fname: 1116,Lname: 889,City: 1252,ID: 1330
Fname: 611,Lname: 1471,City: 949,ID: 365
Fname: 152,Lname: 1197,City: 674,ID: 426
Fname: 613,Lname: 487,City: 1476,ID: 847
Fname: 1356,Lname: 311,City: 1434,ID: 553
Fname: 689,Lname: 502,City: 1324,ID: 1271
Fname: 214,Lname: 602,City: 198,ID: 515
Fname: 50,Lname: 710,City: 1376,ID: 409
Fname: 205,Lname: 519,City: 636,ID: 149
Fname: 663,Lname: 332,City: 364,ID: 61
Fname: 1219,Lname: 406,City: 1217,ID: 190
Fname: 1398,Lname: 1146,City: 646,ID: 819
Fname: 347,Lname: 7,City: 655,ID: 530
Fname: 823,Lname: 1215,City: 333,ID: 764
Fname: 1057,Lname: 1197,City: 109,ID: 1121
Fname: 923,Lname: 813,City: 693,ID: 1406
Fname: 580,Lname: 156,City: 984,ID: 461
Fname: 1071,Lname: 704,City: 367,ID: 187
Fname: 1030,Lname: 1201,City: 1205,ID: 1035
Fname: 785,Lname: 1075,City: 842,ID: 751
Fname: 1018,Lname: 427,City: 1449,ID: 656
Fname: 452,Lname: 528,City: 328,ID: 121
Fname: 825,Lname: 860,City: 1348,ID: 504
Fname: 620,Lname: 800,City: 237,ID: 8
Fname: 871,Lname: 979,City: 934,ID: 337
Fname: 1344,Lname: 669,City: 1035,ID: 491
Fname: 855,Lname: 556,City: 1256,ID: 686
Fname: 1312,Lname: 394,City: 1076,ID: 393
Fname: 459,Lname: 743,City: 893,ID: 520
Fname: 1380,Lname: 1443,City: 818,ID: 199
Fname: 500,Lname: 1285,City: 1363,ID: 624
Fname: 340,Lname: 380,City: 1471,ID: 633
Fname: 1209,Lname: 75,City: 632,ID: 540
Fname: 1374,Lname: 1323,City: 510,ID: 1020
Fname: 391,Lname: 75,City: 451,ID: 639
Fname: 583,Lname: 1008,City: 5,ID: 329
Fname: 1451,Lname: 301,City: 1456,ID: 1272
Fname: 700,Lname: 467,City: 889,ID: 442
Fname: 65,Lname: 1491,City: 126,ID: 1258
Fname: 274,Lname: 446,City: 956,ID: 856
Fname: 258,Lname: 983,City: 1483,ID: 1051
Fname: 211,Lname: 712,City: 1262,ID: 757
Fname: 531,Lname: 869,City: 944,ID: 564
Fname: 670,Lname: 36,City: 588,ID: 451
Fname: 838,Lname: 1197,City: 1445,ID: 870
Fname: 441,Lname: 1091,City: 29,ID: 1168
Fname: 1126,Lname: 1260,City: 456,ID: 1399
Fname: 1275,Lname: 497,City: 546,ID: 677
Fname: 570,Lname: 666,City: 258,ID: 573
Fname: 1168,Lname: 267,City: 194,ID: 1127
Fname: 819,Lname: 97,City: 911,ID: 470
Fname: 913,Lname: 1323,City: 1488,ID: 251
Fname: 394,Lname: 1159,City: 171,ID: 991
Fname: 323,Lname: 831,City: 892,ID: 328
Fname: 1266,Lname: 674,City: 21,ID: 1367
Fname: 338,Lname: 489,City: 1332,ID: 1097
Fname: 1225,Lname: 156,City: 350,ID: 1271
Fname: 180,Lname: 301,City: 1086,ID: 987
Fname: 1320,Lname: 105,City: 189,ID: 657
Fname: 1254,Lname: 1045,City: 1237,ID: 1160
Fname: 803,Lname: 116,City: 233,ID: 625
Fname: 524,Lname: 404,City: 238,ID: 1197
Fname: 558,Lname: 1244,City: 101,ID: 583
Fname: 1090,Lname: 993,City: 121,ID: 445
Fname: 1003,Lname: 1357,City: 1338,ID: 946
Fname: 1170,Lname: 392,City: 761,ID: 1290
Fname: 259,Lname: 467,City: 792,ID: 447
Fname: 93,Lname: 295,City: 1437,ID: 367
Fname: 1341,Lname: 797,City: 299,ID: 436
Fname: 891,Lname: 107,City: 596,ID: 221
Fname: 246,Lname: 1089,City: 1080,ID: 1335
Fname: 824,Lname: 1218,City: 1303,ID: 1250
Fname: 28,Lname: 818,City: 808,ID: 385
Fname: 1057,Lname: 442,City: 428,ID: 1483
Fname: 607,Lname: 56,City: 664,ID: 705
Fname: 961,Lname: 612,City: 588,ID: 1171
Fname: 181,Lname: 73,City: 287,ID: 870
Fname: 354,Lname: 1183,City: 987,ID: 997
Fname: 1002,Lname: 201,City: 1406,ID: 961
Fname: 1497,Lname: 856,City: 465,ID: 997
Fname: 1239,Lname: 1275,City: 979,ID: 15
Fname: 1480,Lname: 46,City: 1300,ID: 1425
Fname: 1092,Lname: 1245,City: 766,ID: 1220
Fname: 1449,Lname: 1472,City: 1309,ID: 1048
Fname: 1190,Lname: 48,City: 1110,ID: 220
Fname: 739,Lname: 594,City: 775,ID: 1408
Fname: 868,Lname: 78,City: 948,ID: 361
Fname: 1103,Lname: 753,City: 140,ID: 844
Fname: 1201,Lname: 1172,City: 43,ID: 644
Fname: 748,Lname: 193,City: 148,ID: 986
Fname: 752,Lname: 202,City: 974,ID: 278
Fname: 1026,Lname: 558,City: 1172,ID: 758
Fname: 1103,Lname: 339,City: 1419,ID: 785
Fname: 915,Lname: 8,City: 169,ID: 827
Fname: 611,Lname: 385,City: 353,ID: 1146
Fname: 232,Lname: 583,City: 1147,ID: 1168
Fname: 733,Lname: 425,City: 1456,ID: 1008
Fname: 61,Lname: 1003,City: 1088,ID: 1446
Fname: 1463,Lname: 730,City: 1333,ID: 1121
Fname: 454,Lname: 960,City: 1273,ID: 1332
Fname: 948,Lname: 107,City: 323,ID: 848
Fname: 121,Lname: 86,City: 1240,ID: 157
Fname: 490,Lname: 260,City: 924,ID: 1167
Fname: 1383,Lname: 1490,City: 475,ID: 507
Fname: 500,Lname: 1303,City: 478,ID: 770
Fname: 467,Lname: 1214,City: 629,ID: 997
Fname: 1250,Lname: 82,City: 642,ID: 1103
Fname: 1413,Lname: 1043,City: 793,ID: 1106
Fname: 1206,Lname: 1091,City: 86,ID: 503
Fname: 464,Lname: 1342,City: 425,ID: 784
Fname: 1437,Lname: 473,City: 1119,ID: 1408
Fname: 1323,Lname: 709,City: 772,ID: 274
Fname: 312,Lname: 523,City: 672,ID: 1039
Fname: 1202,Lname: 413,City: 1500,ID: 30
Fname: 884,Lname: 19,City: 1286,ID: 1252
Fname: 588,Lname: 1253,City: 48,ID: 706
Fname: 1463,Lname: 132,City: 158,ID: 40
Fname: 797,Lname: 531,City: 1458,ID: 1276
Fname: 599,Lname: 548,City: 303,ID: 651
Fname: 1402,Lname: 624,City: 1081,ID: 971
Fname: 193,Lname: 259,City: 549,ID: 1410
Fname: 511,Lname: 37,City: 250,ID: 811
Fname: 158,Lname: 1096,City: 1369,ID: 897
Fname: 1055,Lname: 515,City: 582,ID: 1172
Fname: 1122,Lname: 120,City: 278,ID: 390
Fname: 906,Lname: 1105,City: 272,ID: 1488
Fname: 844,Lname: 532,City: 932,ID: 60
Fname: 1089,Lname: 1073,City: 983,ID: 78
Fname: 1244,Lname: 433,City: 735,ID: 377
Fname: 728,Lname: 766,City: 12,ID: 508
Fname: 847,Lname: 336,City: 1422,ID: 1174
Fname: 931,Lname: 1193,City: 1454,ID: 149
Fname: 276,Lname: 641,City: 731,ID: 787
Fname: 832,Lname: 128,City: 754,ID: 25
Fname: 782,Lname: 21,City: 769,ID: 1300
Fname: 1307,Lname: 93,City: 346,ID: 278
Fname: 1344,Lname: 1198,City: 767,ID: 842
Fname: 1470,Lname: 518,City: 1074,ID: 368
Fname: 859,Lname: 978,City: 788,ID: 301
Fname: 404,Lname: 707,City: 499,ID: 628
Fname: 23,Lname: 1108,City: 1331,ID: 1284
Fname: 1482,Lname: 561,City: 983,ID: 499
Fname: 674,Lname: 338,City: 347,ID: 783
Fname: 810,Lname: 981,City: 239,ID: 951
Fname: 161,Lname: 611,City: 954,ID: 89
Fname: 443,Lname: 134,City: 1028,ID: 390
Fname: 1193,Lname: 411,City: 140,ID: 477
Fname: 358,Lname: 1109,City: 53,ID: 956
Fname: 1206,Lname: 1464,City: 444,ID: 953
Fname: 59,Lname: 962,City: 742,ID: 1295
Fname: 1428,Lname: 371,City: 1311,ID: 924
Fname: 886,Lname: 356,City: 1091,ID: 630
Fname: 1310,Lname: 705,City: 388,ID: 147
Fname: 987,Lname: 865,City: 1265,ID: 420
Fname: 549,Lname: 608,City: 605,ID: 1150
Fname: 1054,Lname: 31,City: 636,ID: 94
Fname: 1470,Lname: 1221,City: 1462,ID: 709
Fname: 336,Lname: 985,City: 745,ID: 867
Fname: 786,Lname: 610,City: 1271,ID: 851
Fname: 1181,Lname: 1241,City: 1034,ID: 1114
Fname: 251,Lname: 1055,City: 738,ID: 499
Fname: 1036,Lname: 1375,City: 470,ID: 763
Fname: 536,Lname: 4,City: 5,ID: 523
Fname: 548,Lname: 1058,City: 751,ID: 1286
Fname: 714,Lname: 857,City: 989,ID: 1458
Fname: 770,Lname: 1067,City: 314,ID: 160
Fname: 1029,Lname: 1270,City: 39,ID: 120
Fname: 1234,Lname: 311,City: 519,ID: 404
Fname: 753,Lname: 1221,City: 1480,ID: 670
Fname: 1295,Lname: 394,City: 545,ID: 327
Fname: 1426,Lname: 74,City: 495,ID: 1405
Fname: 320,Lname: 821,City: 18,ID: 762
Fname: 578,Lname: 952,City: 793,ID: 645
Fname: 625,Lname: 1252,City: 1158,ID: 927
Fname: 887,Lname: 1409,City: 1289,ID: 1390
Fname: 1049,Lname: 428,City: 1109,ID: 923
Fname: 1413,Lname: 1266,City: 388,ID: 1366
Fname: 228,Lname: 75,City: 1009,ID: 750
Fname: 1378,Lname: 1446,City: 1344,ID: 881
Fname: 1095,Lname: 704,City: 209,ID: 430
Fname: 667,Lname: 604,City: 784,ID: 916
Fname: 676,Lname: 24,City: 489,ID: 957
Fname: 773,Lname: 697,City: 56,ID: 379
Fname: 873,Lname: 953,City: 253,ID: 117
Fname: 98,Lname: 1202,City: 527,ID: 327
Fname: 1116,Lname: 434,City: 1362,ID: 1427
Fname: 1,Lname: 670,City: 70,ID: 1454
Fname: 1474,Lname: 843,City: 1441,ID: 1244
Fname: 1328,Lname: 789,City: 981,ID: 702
Fname: 1429,Lname: 826,City: 449,ID: 1310
Fname: 1378,Lname: 1499,City: 957,ID: 78
Fname: 1201,Lname: 876,City: 1237,ID: 436
Fname: 1421,Lname: 1053,City: 1439,ID: 1279
Fname: 682,Lname: 1030,City: 251,ID: 539
Fname: 1463,Lname: 726,City: 357,ID: 395
Fname: 1438,Lname: 1324,City: 1011,ID: 1498
Fname: 211,Lname: 680,City: 645,ID: 1307
Fname: 22,Lname: 1139,City: 1145,ID: 979
Fname: 775,Lname: 46,City: 1131,ID: 600
Fname: 458,Lname: 808,City: 704,ID: 734
Fname: 1238,Lname: 1082,City: 668,ID: 367
Fname: 673,Lname: 1276,City: 948,ID: 255
Fname: 15,Lname: 519,City: 1314,ID: 398
Fname: 504,Lname: 13,City: 1104,ID: 89
Fname: 520,Lname: 803,City: 694,ID: 703
Fname: 541,Lname: 400,City: 296,ID: 392
Fname: 1099,Lname: 1104,City: 1122,ID: 324
Fname: 239,Lname: 408,City: 1490,ID: 1299
Fname: 86,Lname: 782,City: 200,ID: 382
Fname: 1299,Lname: 1036,City: 8,ID: 796
Fname: 523,Lname: 1256,City: 1188,ID: 1111
Fname: 1418,Lname: 572,City: 704,ID: 555
Fname: 237,Lname: 78,City: 992,ID: 1273
Fname: 1020,Lname: 615,City: 1450,ID: 533
Fname: 1478,Lname: 732,City: 814,ID: 904
Fname: 176,Lname: 1092,City: 23,ID: 817
Fname: 364,Lname: 1180,City: 1172,ID: 1311
Fname: 1143,Lname: 459,City: 1035,ID: 813
Fname: 116,Lname: 1144,City: 1185,ID: 1169
Fname: 777,Lname: 495,City: 1198,ID: 231
Fname: 1214,Lname: 993,City: 311,ID: 1224
Fname: 639,Lname: 242,City: 663,ID: 347
Fname: 475,Lname: 884,City: 35,ID: 707
Fname: 216,Lname: 1370,City: 1034,ID: 1017
Fname: 363,Lname: 263,City: 1468,ID: 889
Fname: 1067,Lname: 1393,City: 58,ID: 1119
Fname: 1195,Lname: 753,City: 656,ID: 1422
Fname: 267,Lname: 283,City: 1281,ID: 1275
Fname: 704,Lname: 1061,City: 942,ID: 1111
Fname: 12,Lname: 63,City: 169,ID: 461
Fname: 1073,Lname: 668,City: 1034,ID: 335
Fname: 1158,Lname: 546,City: 986,ID: 1029
Fname: 312,Lname: 1062,City: 988,ID: 1160
Fname: 970,Lname: 691,City: 1047,ID: 1228
Fname: 1362,Lname: 382,City: 1440,ID: 1153
Fname: 321,Lname: 1226,City: 1387,ID: 408
Fname: 669,Lname: 1301,City: 435,ID: 914
Fname: 1069,Lname: 1335,City: 1489,ID: 464
Fname: 675,Lname: 183,City: 699,ID: 756
Fname: 586,Lname: 728,City: 12,ID: 1054
Fname: 1313,Lname: 962,City: 99,ID: 136
Fname: 1214,Lname: 1197,City: 736,ID: 694
Fname: 1056,Lname: 1336,City: 40,ID: 1131
Fname: 1490,Lname: 73,City: 983,ID: 377
Fname: 693,Lname: 1089,City: 348,ID: 26
Fname: 1309,Lname: 390,City: 242,ID: 450
Fname: 1272,Lname: 559,City: 55,ID: 934
Fname: 1363,Lname: 301,City: 833,ID: 1489
Fname: 798,Lname: 1357,City: 1040,ID: 1351
Fname: 1480,Lname: 924,City: 136,ID: 605
Fname: 701,Lname: 324,City: 699,ID: 740
Fname: 559,Lname: 717,City: 1172,ID: 1032
Fname: 150,Lname: 1261,City: 1070,ID: 419
Fname: 546,Lname: 260,City: 959,ID: 935
Fname: 940,Lname: 1187,City: 245,ID: 1019
Fname: 298,Lname: 1070,City: 263,ID: 407
Fname: 227,Lname: 190,City: 711,ID: 1020
Fname: 449,Lname: 61,City: 538,ID: 1312
Fname: 285,Lname: 589,City: 1414,ID: 703
Fname: 667,Lname: 958,City: 279,ID: 335
Fname: 205,Lname: 1191,City: 1432,ID: 1456
Fname: 26,Lname: 1249,City: 1434,ID: 1390
Fname: 668,Lname: 1307,City: 1175,ID: 905
Fname: 1418,Lname: 457,City: 149,ID: 1432
Fname: 374,Lname: 589,City: 32,ID: 1160
Fname: 906,Lname: 1066,City: 748,ID: 682
Fname: 938,Lname: 525,City: 427,ID: 1370
Fname: 1491,Lname: 311,City: 713,ID: 380
Fname: 1090,Lname: 1053,City: 296,ID: 883
Fname: 1333,Lname: 595,City: 627,ID: 364
Fname: 109,Lname: 1417,City: 1099,ID: 1196
Fname: 499,Lname: 1435,City: 1262,ID: 1015
Fname: 555,Lname: 1337,City: 112,ID: 1454
Fname: 1081,Lname: 994,City: 283,ID: 610
Fname: 558,Lname: 1441,City: 493,ID: 1167
Fname: 306,Lname: 1325,City: 560,ID: 1057
Fname: 241,Lname: 1206,City: 1286,ID: 1217
Fname: 1116,Lname: 979,City: 499,ID: 1069
Fname: 1401,Lname: 1458,City: 1304,ID: 477
Fname: 55,Lname: 924,City: 474,ID: 1069
Fname: 120,Lname: 1257,City: 806,ID: 4
Fname: 145,Lname: 1468,City: 1162,ID: 1156
Fname: 360,Lname: 378,City: 20,ID: 46
Fname: 936,Lname: 906,City: 602,ID: 1138
Fname: 932,Lname: 955,City: 282,ID: 458
Fname: 514,Lname: 500,City: 494,ID: 177
Fname: 268,Lname: 103,City: 1471,ID: 695
Fname: 764,Lname: 1226,City: 976,ID: 404
Fname: 193,Lname: 205,City: 771,ID: 1392
Fname: 380,Lname: 1309,City: 1221,ID: 484
Fname: 63,Lname: 956,City: 1112,ID: 235
Fname: 125,Lname: 317,City: 144,ID: 1119
Fname: 908,Lname: 1062,City: 1126,ID: 1244
Fname: 653,Lname: 1304,City: 971,ID: 45
Fname: 1469,Lname: 105,City: 305,ID: 359
Fname: 242,Lname: 308,City: 695,ID: 862
Fname: 863,Lname: 1422,City: 799,ID: 1093
Fname: 663,Lname: 46,City: 172,ID: 1057
Fname: 712,Lname: 1478,City: 326,ID: 704
Fname: 338,Lname: 387,City: 1442,ID: 943
Fname: 534,Lname: 455,City: 889,ID: 235
Fname: 1127,Lname: 1351,City: 369,ID: 779
Fname: 1079,Lname: 1041,City: 398,ID: 1228
Fname: 496,Lname: 1309,City: 731,ID: 1130
Fname: 759,Lname: 647,City: 439,ID: 546
Fname: 33,Lname: 525,City: 1467,ID: 184
Fname: 1211,Lname: 561,City: 986,ID: 377
Fname: 612,Lname: 931,City: 724,ID: 1293
Fname: 601,Lname: 772,City: 78,ID: 1432
Fname: 459,Lname: 545,City: 744,ID: 1011
Fname: 1215,Lname: 561,City: 64,ID: 401
Fname: 1491,Lname: 105,City: 1190,ID: 1360
Fname: 519,Lname: 1442,City: 565,ID: 1485
Fname: 28,Lname: 905,City: 1367,ID: 461
Fname: 413,Lname: 632,City: 973,ID: 757
Fname: 503,Lname: 689,City: 1289,ID: 303
Fname: 578,Lname: 578,City: 688,ID: 116
Fname: 670,Lname: 1219,City: 162,ID: 477
Fname: 1376,Lname: 213,City: 29,ID: 986
Fname: 398,Lname: 1437,City: 542,ID: 1360
Fname: 697,Lname: 558,City: 207,ID: 81
Fname: 400,Lname: 995,City: 660,ID: 185
Fname: 790,Lname: 409,City: 1339,ID: 915
Fname: 1154,Lname: 193,City: 741,ID: 1089
Fname: 911,Lname: 667,City: 748,ID: 150
Fname: 1469,Lname: 446,City: 1382,ID: 1473
Fname: 714,Lname: 328,City: 1011,ID: 685
Fname: 861,Lname: 939,City: 4,ID: 594
Fname: 111,Lname: 1287,City: 1201,ID: 434
Fname: 1242,Lname: 1487,City: 767,ID: 1366
Fname: 1489,Lname: 68,City: 649,ID: 1209
Fname: 1443,Lname: 806,City: 179,ID: 93
Fname: 1047,Lname: 431,City: 1443,ID: 1156
Fname: 853,Lname: 54,City: 1253,ID: 824
Fname: 1225,Lname: 765,City: 1234,ID: 296
Fname: 141,Lname: 1007,City: 118,ID: 566
Fname: 169,Lname: 480,City: 682,ID: 1367
Fname: 240,Lname: 790,City: 676,ID: 572
Fname: 892,Lname: 653,City: 1070,ID: 213
Fname: 1312,Lname: 759,City: 161,ID: 903
Fname: 1465,Lname: 1052,City: 480,ID: 975
Fname: 649,Lname: 359,City: 678,ID: 125
Fname: 1205,Lname: 1397,City: 1320,ID: 1043
Fname: 627,Lname: 1293,City: 771,ID: 635
Fname: 91,Lname: 1107,City: 865,ID: 808
Fname: 1373,Lname: 376,City: 1311,ID: 780
Fname: 375,Lname: 631,City: 624,ID: 1102
Fname: 1346,Lname: 1143,City: 1000,ID: 696
Fname: 1211,Lname: 1087,City: 82,ID: 1200
Fname: 444,Lname: 675,City: 409,ID: 637
Fname: 1072,Lname: 1151,City: 170,ID: 394
Fname: 859,Lname: 1249,City: 633,ID: 878
Fname: 1438,Lname: 835,City: 675,ID: 963
Fname: 799,Lname: 1365,City: 354,ID: 1417
Fname: 650,Lname: 500,City: 1053,ID: 563
Fname: 981,Lname: 259,City: 1142,ID: 1449
Fname: 1223,Lname: 1433,City: 789,ID: 405
Fname: 84,Lname: 760,City: 597,ID: 738
Fname: 474,Lname: 522,City: 224,ID: 128
Fname: 508,Lname: 1474,City: 315,ID: 1250
Fname: 1295,Lname: 431,City: 651,ID: 1426
Fname: 495,Lname: 224,City: 232,ID: 173
Fname: 1359,Lname: 225,City: 1493,ID: 810
Fname: 1215,Lname: 1379,City: 1055,ID: 937
Fname: 1101,Lname: 1248,City: 1185,ID: 529
Fname: 191,Lname: 13,City: 1178,ID: 1412
Fname: 523,Lname: 885,City: 204,ID: 453
Fname: 1357,Lname: 181,City: 870,ID: 219
Fname: 1066,Lname: 29,City: 1120,ID: 609
Fname: 580,Lname: 904,City: 417,ID: 1242
Fname: 1171,Lname: 1496,City: 1349,ID: 436
Fname: 19,Lname: 666,City: 259,ID: 966
Fname: 961,Lname: 368,City: 1292,ID: 1392
Fname: 90,Lname: 10,City: 812,ID: 1112
Fname: 31,Lname: 161,City: 713,ID: 1127
Fname: 1339,Lname: 928,City: 291,ID: 1015
Fname: 497,Lname: 59,City: 879,ID: 611
Fname: 1104,Lname: 348,City: 1057,ID: 120
Fname: 76,Lname: 1390,City: 1447,ID: 590
Fname: 836,Lname: 361,City: 1319,ID: 1314
Fname: 1131,Lname: 17,City: 737,ID: 821
Fname: 350,Lname: 1098,City: 589,ID: 697
Fname: 490,Lname: 238,City: 954,ID: 1057
Fname: 535,Lname: 1012,City: 1279,ID: 989
Fname: 1436,Lname: 783,City: 1044,ID: 1399
Fname: 605,Lname: 286,City: 160,ID: 941
Fname: 1094,Lname: 1479,City: 184,ID: 1208
Fname: 121,Lname: 1458,City: 604,ID: 1411
Fname: 838,Lname: 1183,City: 405,ID: 1169
Fname: 270,Lname: 644,City: 283,ID: 1289
Fname: 681,Lname: 469,City: 5,ID: 48
Fname: 844,Lname: 1277,City: 74,ID: 425
Fname: 259,Lname: 1204,City: 1408,ID: 1025
Fname: 850,Lname: 1248,City: 847,ID: 1443
Fname: 195,Lname: 1091,City: 711,ID: 699
Fname: 1441,Lname: 396,City: 84,ID: 169
Fname: 908,Lname: 973,City: 1171,ID: 1364
Fname: 379,Lname: 1359,City: 481,ID: 1447
Fname: 17,Lname: 822,City: 116,ID: 999
Fname: 83,Lname: 434,City: 1276,ID: 970
Fname: 1130,Lname: 680,City: 401,ID: 957
Fname: 415,Lname: 743,City: 507,ID: 1329
Fname: 634,Lname: 975,City: 800,ID: 289
Fname: 144,Lname: 1441,City: 92,ID: 596
Fname: 285,Lname: 373,City: 833,ID: 1079
Fname: 1365,Lname: 430,City: 1215,ID: 610
Fname: 8,Lname: 376,City: 292,ID: 576
Fname: 553,Lname: 377,City: 1087,ID: 584
Fname: 1056,Lname: 789,City: 575,ID: 542
Fname: 1318,Lname: 23,City: 365,ID: 507
Fname: 313,Lname: 1462,City: 548,ID: 1164
Fname: 532,Lname: 492,City: 880,ID: 1285
Fname: 912,Lname: 1045,City: 814,ID: 680
Fname: 966,Lname: 505,City: 221,ID: 173
Fname: 1132,Lname: 103,City: 459,ID: 682
Fname: 1443,Lname: 782,City: 516,ID: 1492
Fname: 338,Lname: 1019,City: 733,ID: 542
Fname: 108,Lname: 1216,City: 1196,ID: 1326
Fname: 807,Lname: 21,City: 1040,ID: 1480
Fname: 931,Lname: 1346,City: 896,ID: 1253
Fname: 546,Lname: 557,City: 998,ID: 466
Fname: 1448,Lname: 1379,City: 655,ID: 1198
Fname: 1450,Lname: 157,City: 453,ID: 1301
Fname: 613,Lname: 190,City: 28,ID: 337
Fname: 166,Lname: 766,City: 500,ID: 1351
Fname: 688,Lname: 208,City: 950,ID: 1135
Fname: 1275,Lname: 1081,City: 788,ID: 1144
Fname: 1017,Lname: 780,City: 183,ID: 478
Fname: 809,Lname: 1298,City: 1321,ID: 157
Fname: 506,Lname: 952,City: 691,ID: 1132
Fname: 1169,Lname: 1014,City: 1400,ID: 507
Fname: 440,Lname: 568,City: 150,ID: 594
Fname: 1047,Lname: 1228,City: 377,ID: 1262
Fname: 654,Lname: 584,City: 402,ID: 26
Fname: 935,Lname: 498,City: 1105,ID: 970
Fname: 149,Lname: 1371,City: 925,ID: 305
Fname: 85,Lname: 873,City: 454,ID: 494
Fname: 1051,Lname: 1018,City: 998,ID: 67
Fname: 1437,Lname: 56,City: 1116,ID: 508
Fname: 1305,Lname: 1042,City: 1254,ID: 1010
Fname: 120,Lname: 168,City: 820,ID: 754
Fname: 445,Lname: 390,City: 583,ID: 695
Fname: 867,Lname: 522,City: 501,ID: 1047
Fname: 321,Lname: 912,City: 50,ID: 1354
Fname: 1318,Lname: 479,City: 911,ID: 427
Fname: 800,Lname: 567,City: 601,ID: 384
Fname: 370,Lname: 505,City: 663,ID: 485
Fname: 458,Lname: 742,City: 108,ID: 444
Fname: 593,Lname: 1127,City: 1062,ID: 1398
Fname: 1064,Lname: 496,City: 1253,ID: 214
Fname: 643,Lname: 975,City: 303,ID: 349
Fname: 1300,Lname: 1396,City: 333,ID: 149
Fname: 1297,Lname: 1084,City: 473,ID: 932
Fname: 1136,Lname: 887,City: 1102,ID: 1291
Fname: 1423,Lname: 270,City: 981,ID: 474
Fname: 913,Lname: 1438,City: 707,ID: 896
Fname: 839,Lname: 1392,City: 975,ID: 19
Fname: 1281,Lname: 153,City: 894,ID: 517
Fname: 1300,Lname: 1266,City: 389,ID: 445
Fname: 1202,Lname: 764,City: 1173,ID: 53
Fname: 274,Lname: 1053,City: 107,ID: 1088
Fname: 295,Lname: 510,City: 744,ID: 396
Fname: 1423,Lname: 777,City: 976,ID: 431
Fname: 685,Lname: 1118,City: 742,ID: 587
Fname: 967,Lname: 240,City: 173,ID: 562
Fname: 618,Lname: 600,City: 765,ID: 1318
Fname: 114,Lname: 381,City: 955,ID: 882
Fname: 794,Lname: 294,City: 294,ID: 921
Fname: 919,Lname: 389,City: 1181,ID: 1181
Fname: 787,Lname: 705,City: 935,ID: 390
Fname: 127,Lname: 1146,City: 576,ID: 1024
Fname: 1172,Lname: 167,City: 389,ID: 1075
Fname: 788,Lname: 390,City: 684,ID: 486
Fname: 11,Lname: 1005,City: 1205,ID: 1481
Fname: 1451,Lname: 1411,City: 918,ID: 830
Fname: 598,Lname: 1004,City: 319,ID: 629
Fname: 1072,Lname: 1231,City: 709,ID: 1069
Fname: 852,Lname: 859,City: 693,ID: 1257
Fname: 965,Lname: 1252,City: 180,ID: 441
Fname: 927,Lname: 208,City: 359,ID: 371
Fname: 323,Lname: 111,City: 1246,ID: 815
Fname: 348,Lname: 147,City: 907,ID: 1210
Fname: 383,Lname: 45,City: 91,ID: 447
Fname: 785,Lname: 255,City: 1393,ID: 1034
Fname: 745,Lname: 341,City: 1011,ID: 227
Fname: 771,Lname: 1336,City: 444,ID: 647
Fname: 1013,Lname: 579,City: 397,ID: 502
Fname: 948,Lname: 637,City: 1255,ID: 1341
Fname: 991,Lname: 335,City: 535,ID: 639
Fname: 752,Lname: 1439,City: 79,ID: 178
Fname: 111,Lname: 1242,City: 440,ID: 428
Fname: 1097,Lname: 257,City: 23,ID: 187
Fname: 57,Lname: 86,City: 652,ID: 104
Fname: 244,Lname: 449,City: 1125,ID: 36
Fname: 722,Lname: 354,City: 256,ID: 1484
Fname: 434,Lname: 1285,City: 714,ID: 899
Fname: 1478,Lname: 1127,City: 24,ID: 1049
Fname: 708,Lname: 91,City: 235,ID: 442
Fname: 881,Lname: 484,City: 269,ID: 684
Fname: 116,Lname: 120,City: 327,ID: 1158
Fname: 963,Lname: 439,City: 1157,ID: 1410
Fname: 379,Lname: 539,City: 76,ID: 779
Fname: 422,Lname: 635,City: 879,ID: 844
Fname: 357,Lname: 259,City: 693,ID: 1204
Fname: 1496,Lname: 312,City: 1408,ID: 242
Fname: 1087,Lname: 963,City: 912,ID: 1138
Fname: 24,Lname: 1322,City: 678,ID: 1187
Fname: 352,Lname: 860,City: 1366,ID: 1214
Fname: 385,Lname: 286,City: 1471,ID: 971
Fname: 1150,Lname: 1119,City: 575,ID: 1470
Fname: 421,Lname: 266,City: 859,ID: 205
Fname: 367,Lname: 926,City: 734,ID: 669
Fname: 567,Lname: 1251,City: 105,ID: 1255
Fname: 691,Lname: 833,City: 644,ID: 648
Fname: 93,Lname: 1341,City: 354,ID: 1021
Fname: 268,Lname: 851,City: 980,ID: 39
Fname: 915,Lname: 428,City: 18,ID: 103
Fname: 319,Lname: 641,City: 723,ID: 344
Fname: 1445,Lname: 285,City: 521,ID: 788
Fname: 1299,Lname: 787,City: 643,ID: 1129
Fname: 1148,Lname: 1236,City: 80,ID: 627
Fname: 650,Lname: 760,City: 802,ID: 979
Fname: 1159,Lname: 1222,City: 979,ID: 179
Fname: 1039,Lname: 1004,City: 62,ID: 638
Fname: 774,Lname: 263,City: 499,ID: 722
Fname: 418,Lname: 831,City: 596,ID: 81
Fname: 507,Lname: 484,City: 22,ID: 411
Fname: 579,Lname: 1226,City: 141,ID: 47
Fname: 54,Lname: 220,City: 1479,ID: 814
Fname: 1302,Lname: 1280,City: 78,ID: 1059
Fname: 811,Lname: 365,City: 498,ID: 124
Fname: 1315,Lname: 930,City: 1073,ID: 80
Fname: 1404,Lname: 338,City: 900,ID: 108
Fname: 1116,Lname: 758,City: 1222,ID: 1120
Fname: 1119,Lname: 1003,City: 1336,ID: 843
Fname: 218,Lname: 936,City: 408,ID: 344
Fname: 432,Lname: 893,City: 1092,ID: 439
Fname: 213,Lname: 392,City: 1434,ID: 451
Fname: 31,Lname: 194,City: 624,ID: 608
Fname: 1314,Lname: 115,City: 440,ID: 1247
Fname: 1282,Lname: 756,City: 1483,ID: 405
Fname: 0,Lname: 181,City: 759,ID: 520
Fname: 576,Lname: 13,City: 564,ID: 743
Fname: 572,Lname: 1144,City: 328,ID: 184
Fname: 1500,Lname: 763,City: 745,ID: 145
Fname: 549,Lname: 870,City: 1017,ID: 558
Fname: 976,Lname: 1201,City: 736,ID: 1251
Fname: 938,Lname: 14,City: 324,ID: 605
Fname: 46,Lname: 768,City: 432,ID: 583
Fname: 1258,Lname: 460,City: 1226,ID: 714
Fname: 1147,Lname: 1343,City: 1264,ID: 1311
Fname: 633,Lname: 1002,City: 1075,ID: 72
Fname: 904,Lname: 1093,City: 913,ID: 248
Fname: 664,Lname: 1184,City: 179,ID: 1135
Fname: 585,Lname: 215,City: 281,ID: 932
Fname: 129,Lname: 1051,City: 847,ID: 703
Fname: 1315,Lname: 980,City: 1360,ID: 664
Fname: 1151,Lname: 983,City: 742,ID: 277
Fname: 890,Lname: 1498,City: 1044,ID: 1345
Fname: 359,Lname: 673,City: 16,ID: 1092
Fname: 506,Lname: 1415,City: 587,ID: 981
Fname: 649,Lname: 729,City: 978,ID: 762
Fname: 1365,Lname: 593,City: 943,ID: 322
Fname: 1297,Lname: 944,City: 582,ID: 1318
Fname: 1087,Lname: 437,City: 309,ID: 417
Fname: 11,Lname: 1479,City: 1013,ID: 1381
Fname: 757,Lname: 885,City: 645,ID: 51
Fname: 697,Lname: 1490,City: 1138,ID: 618
Fname: 435,Lname: 898,City: 1351,ID: 724
Fname: 359,Lname: 27,City: 286,ID: 25
Fname: 332,Lname: 1255,City: 580,ID: 1483
Fname: 1253,Lname: 69,City: 140,ID: 863
Fname: 1249,Lname: 270,City: 458,ID: 679
Fname: 288,Lname: 1047,City: 438,ID: 269
Fname: 1374,Lname: 1082,City: 205,ID: 1123
Fname: 250,Lname: 725,City: 1054,ID: 605
Fname: 1345,Lname: 1243,City: 412,ID: 1069
Fname: 202,Lname: 859,City: 1429,ID: 717
Fname: 358,Lname: 1153,City: 219,ID: 915
Fname: 640,Lname: 1061,City: 475,ID: 644
Fname: 605,Lname: 946,City: 131,ID: 337
Fname: 792,Lname: 706,City: 442,ID: 1018
Fname: 1392,Lname: 946,City: 857,ID: 1262
Fname: 624,Lname: 3,City: 600,ID: 659
Fname: 150,Lname: 327,City: 601,ID: 993
Fname: 556,Lname: 1347,City: 1055,ID: 132
Fname: 503,Lname: 163,City: 1254,ID: 207
Fname: 426,Lname: 1016,City: 46,ID: 498
Fname: 1129,Lname: 1376,City: 488,ID: 1166
Fname: 1128,Lname: 760,City: 263,ID: 787
Fname: 1258,Lname: 48,City: 761,ID: 1192
Fname: 840,Lname: 1457,City: 998,ID: 571
Fname: 860,Lname: 532,City: 240,ID: 789
Fname: 363,Lname: 69,City: 579,ID: 1489
Fname: 1075,Lname: 1343,City: 561,ID: 351
Fname: 321,Lname: 1190,City: 938,ID: 681
Fname: 776,Lname: 379,City: 636,ID: 619
Fname: 807,Lname: 347,City: 1479,ID: 922
Fname: 406,Lname: 1477,City: 337,ID: 492
Fname: 261,Lname: 942,City: 1498,ID: 1013
Fname: 45,Lname: 480,City: 1419,ID: 410
Fname: 72,Lname: 732,City: 1452,ID: 480
Fname: 913,Lname: 685,City: 1158,ID: 864
Fname: 299,Lname: 135,City: 1247,ID: 1223
Fname: 723,Lname: 1491,City: 1435,ID: 659
Fname: 430,Lname: 1101,City: 303,ID: 324
Fname: 1468,Lname: 980,City: 1394,ID: 195
Fname: 93,Lname: 939,City: 486,ID: 1171
Fname: 776,Lname: 1141,City: 153,ID: 1259
Fname: 921,Lname: 975,City: 717,ID: 115
Fname: 1344,Lname: 438,City: 509,ID: 269
Fname: 758,Lname: 1449,City: 765,ID: 832
Fname: 1476,Lname: 1185,City: 218,ID: 731
Fname: 781,Lname: 469,City: 264,ID: 1420
Fname: 712,Lname: 209,City: 987,ID: 83
Fname: 608,Lname: 96,City: 1371,ID: 851
Fname: 796,Lname: 1421,City: 1479,ID: 1369
Fname: 1476,Lname: 909,City: 1440,ID: 1463
Fname: 969,Lname: 1491,City: 753,ID: 806
Fname: 1168,Lname: 532,City: 963,ID: 112
Fname: 97,Lname: 227,City: 1078,ID: 1433
Fname: 41,Lname: 164,City: 1426,ID: 735
Fname: 444,Lname: 688,City: 249,ID: 1170
Fname: 782,Lname: 887,City: 1229,ID: 38
Fname: 70,Lname: 854,City: 271,ID: 1014
Fname: 845,Lname: 594,City: 702,ID: 24
Fname: 1064,Lname: 801,City: 278,ID: 941
Fname: 1152,Lname: 466,City: 1378,ID: 31
Fname: 911,Lname: 859,City: 1430,ID: 32
Fname: 569,Lname: 275,City: 1377,ID: 1180
Fname: 668,Lname: 1425,City: 907,ID: 1324
Fname: 147,Lname: 1198,City: 462,ID: 551
Fname: 1072,Lname: 66,City: 850,ID: 1088
Fname: 1318,Lname: 229,City: 198,ID: 716
Fname: 1098,Lname: 625,City: 1293,ID: 374
Fname: 926,Lname: 1485,City: 424,ID: 598
Fname: 370,Lname: 1431,City: 1010,ID: 204
Fname: 1204,Lname: 152,City: 1265,ID: 562
Fname: 913,Lname: 217,City: 70,ID: 141
Fname: 1197,Lname: 300,City: 391,ID: 1327
Fname: 782,Lname: 1181,City: 135,ID: 486
Fname: 1123,Lname: 377,City: 271,ID: 196
Fname: 1175,Lname: 1422,City: 925,ID: 1081
Fname: 982,Lname: 380,City: 1147,ID: 1240
Fname: 1277,Lname: 1267,City: 127,ID: 527
Fname: 661,Lname: 798,City: 423,ID: 1201
Fname: 1025,Lname: 473,City: 258,ID: 1280
Fname: 729,Lname: 1219,City: 1210,ID: 1004
Fname: 185,Lname: 1245,City: 1401,ID: 99
Fname: 238,Lname: 925,City: 903,ID: 43
Fname: 133,Lname: 279,City: 1135,ID: 803
Fname: 241,Lname: 388,City: 934,ID: 474
Fname: 1360,Lname: 401,City: 1064,ID: 106
Fname: 509,Lname: 597,City: 901,ID: 178
Fname: 211,Lname: 321,City: 974,ID: 104
Fname: 842,Lname: 459,City: 1095,ID: 19
Fname: 327,Lname: 1000,City: 1246,ID: 215
Fname: 395,Lname: 1403,City: 730,ID: 671
Fname: 582,Lname: 931,City: 1456,ID: 1338
Fname: 691,Lname: 1007,City: 743,ID: 1055
Fname: 1415,Lname: 946,City: 454,ID: 743
Fname: 384,Lname: 326,City: 1270,ID: 1097
Fname: 862,Lname: 1329,City: 1467,ID: 1430
Fname: 1000,Lname: 143,City: 297,ID: 40
Fname: 710,Lname: 1063,City: 381,ID: 811
Fname: 1028,Lname: 390,City: 731,ID: 86
Fname: 833,Lname: 745,City: 832,ID: 721
Fname: 424,Lname: 680,City: 997,ID: 948
Fname: 788,Lname: 1443,City: 106,ID: 1151
Fname: 197,Lname: 1118,City: 311,ID: 482
Fname: 502,Lname: 1128,City: 828,ID: 866
Fname: 493,Lname: 402,City: 633,ID: 635
Fname: 1313,Lname: 653,City: 664,ID: 1481
Fname: 1456,Lname: 930,City: 434,ID: 1097
Fname: 299,Lname: 268,City: 249,ID: 336
Fname: 151,Lname: 943,City: 41,ID: 1232
Fname: 9,Lname: 1000,City: 1370,ID: 413
Fname: 1268,Lname: 693,City: 1131,ID: 1278
Fname: 1253,Lname: 1226,City: 599,ID: 1235
Fname: 868,Lname: 929,City: 550,ID: 1162
Fname: 14,Lname: 26,City: 1417,ID: 647
Fname: 513,Lname: 965,City: 1031,ID: 1317
Fname: 414,Lname: 1133,City: 161,ID: 482
Fname: 89,Lname: 369,City: 533,ID: 1019
Fname: 51,Lname: 1121,City: 837,ID: 1235
Fname: 749,Lname: 135,City: 698,ID: 830
Fname: 974,Lname: 99,City: 103,ID: 469
Fname: 1135,Lname: 700,City: 423,ID: 376
Fname: 689,Lname: 739,City: 471,ID: 331
Fname: 337,Lname: 982,City: 556,ID: 443
Fname: 948,Lname: 941,City: 966,ID: 1210
Fname: 1342,Lname: 1456,City: 466,ID: 540
Fname: 1375,Lname: 297,City: 916,ID: 449
Fname: 982,Lname: 1124,City: 886,ID: 1219
Fname: 1098,Lname: 659,City: 1458,ID: 979
Fname: 1182,Lname: 1443,City: 1219,ID: 337
Fname: 976,Lname: 1495,City: 1263,ID: 108
Fname: 1277,Lname: 277,City: 324,ID: 885
Fname: 641,Lname: 27,City: 1475,ID: 301
Fname: 243,Lname: 1496,City: 1316,ID: 775
Fname: 616,Lname: 832,City: 1040,ID: 50
Fname: 892,Lname: 354,City: 110,ID: 1479
Fname: 1043,Lname: 687,City: 513,ID: 698
Fname: 1493,Lname: 192,City: 1471,ID: 846
Fname: 1476,Lname: 251,City: 777,ID: 342
Fname: 1359,Lname: 1235,City: 884,ID: 628
Fname: 1416,Lname: 1043,City: 532,ID: 217
Fname: 314,Lname: 682,City: 143,ID: 901
Fname: 1002,Lname: 1297,City: 503,ID: 1406
Fname: 972,Lname: 490,City: 1366,ID: 1074
Fname: 29,Lname: 1395,City: 280,ID: 187
Fname: 288,Lname: 1019,City: 408,ID: 578
Fname: 1055,Lname: 1120,City: 474,ID: 1444
Fname: 466,Lname: 1233,City: 763,ID: 1030
Fname: 1147,Lname: 1005,City: 250,ID: 565
Fname: 991,Lname: 373,City: 884,ID: 1377
Fname: 769,Lname: 317,City: 253,ID: 673
Fname: 55,Lname: 775,City: 1223,ID: 300
Fname: 771,Lname: 696,City: 1004,ID: 319
Fname: 1226,Lname: 678,City: 1103,ID: 1377
Fname: 1322,Lname: 210,City: 1490,ID: 873
Fname: 1394,Lname: 1472,City: 1387,ID: 784
Fname: 488,Lname: 1482,City: 1064,ID: 422
Fname: 1034,Lname: 531,City: 1450,ID: 768
Fname: 75,Lname: 1117,City: 542,ID: 1085
Fname: 1441,Lname: 1296,City: 1105,ID: 868
Fname: 955,Lname: 254,City: 1499,ID: 646
Fname: 281,Lname: 1002,City: 414,ID: 1223
Fname: 55,Lname: 1284,City: 830,ID: 963
Fname: 547,Lname: 642,City: 288,ID: 1297
Fname: 632,Lname: 745,City: 1145,ID: 1032
Fname: 1234,Lname: 797,City: 1353,ID: 1208
Fname: 1319,Lname: 439,City: 631,ID: 798
Fname: 473,Lname: 254,City: 1333,ID: 951
Fname: 1324,Lname: 1409,City: 1102,ID: 275
Fname: 1147,Lname: 1483,City: 78,ID: 679
Fname: 356,Lname: 297,City: 428,ID: 1277
Fname: 1432,Lname: 122,City: 1370,ID: 525
Fname: 1138,Lname: 405,City: 1349,ID: 251
Fname: 149,Lname: 1042,City: 936,ID: 81
Fname: 416,Lname: 562,City: 239,ID: 811
Fname: 880,Lname: 216,City: 104,ID: 1298
Fname: 145,Lname: 18,City: 895,ID: 1160
Fname: 846,Lname: 786,City: 888,ID: 1218
Fname: 141,Lname: 573,City: 769,ID: 674
Fname: 804,Lname: 87,City: 1016,ID: 1346
Fname: 682,Lname: 1323,City: 485,ID: 710
Fname: 63,Lname: 13,City: 665,ID: 446
Fname: 1066,Lname: 66,City: 612,ID: 1042
Fname: 1262,Lname: 869,City: 828,ID: 1058
Fname: 1375,Lname: 748,City: 1398,ID: 1231
Fname: 240,Lname: 148,City: 1347,ID: 181
Fname: 676,Lname: 357,City: 206,ID: 1187
Fname: 1254,Lname: 719,City: 1484,ID: 801
Fname: 1254,Lname: 946,City: 109,ID: 1280
Fname: 179,Lname: 1447,City: 310,ID: 661
Fname: 327,Lname: 374,City: 79,ID: 244
Fname: 349,Lname: 446,City: 796,ID: 1190
Fname: 517,Lname: 295,City: 1409,ID: 1205
Fname: 229,Lname: 197,City: 202,ID: 1455
Fname: 67,Lname: 1020,City: 90,ID: 789
Fname: 252,Lname: 454,City: 74,ID: 710
Fname: 480,Lname: 308,City: 371,ID: 1388
Fname: 108,Lname: 815,City: 6,ID: 133
Fname: 889,Lname: 278,City: 1072,ID: 1109
Fname: 736,Lname: 1314,City: 363,ID: 52
Fname: 522,Lname: 1298,City: 1230,ID: 778
Fname: 1070,Lname: 261,City: 1237,ID: 41
Fname: 461,Lname: 1278,City: 954,ID: 428
Fname: 131,Lname: 1237,City: 1128,ID: 91
Fname: 786,Lname: 1458,City: 248,ID: 1327
Fname: 326,Lname: 1428,City: 1161,ID: 79
Fname: 364,Lname: 321,City: 661,ID: 218
Fname: 425,Lname: 839,City: 388,ID: 922
Fname: 114,Lname: 1190,City: 523,ID: 990
Fname: 458,Lname: 1054,City: 618,ID: 1058
Fname: 867,Lname: 280,City: 500,ID: 1127
Fname: 673,Lname: 1115,City: 423,ID: 932
Fname: 181,Lname: 17,City: 501,ID: 291
Fname: 683,Lname: 1347,City: 1056,ID: 881
Fname: 945,Lname: 1205,City: 430,ID: 634
Fname: 285,Lname: 915,City: 1284,ID: 1383
Fname: 1419,Lname: 1235,City: 1046,ID: 580
Fname: 1172,Lname: 423,City: 693,ID: 146
Fname: 477,Lname: 1264,City: 230,ID: 1162
Fname: 536,Lname: 636,City: 40,ID: 789
Fname: 348,Lname: 995,City: 1042,ID: 500
Fname: 863,Lname: 349,City: 790,ID: 869
Fname: 435,Lname: 1003,City: 992,ID: 857
Fname: 584,Lname: 1269,City: 269,ID: 1010
Fname: 1122,Lname: 859,City: 693,ID: 510
Fname: 1050,Lname: 379,City: 38,ID: 508
Fname: 71,Lname: 770,City: 49,ID: 759
Fname: 109,Lname: 491,City: 377,ID: 164
Fname: 388,Lname: 251,City: 1084,ID: 365
Fname: 316,Lname: 97,City: 1315,ID: 835
Fname: 368,Lname: 1040,City: 705,ID: 618
Fname: 990,Lname: 1037,City: 382,ID: 708
Fname: 473,Lname: 696,City: 332,ID: 465
Fname: 780,Lname: 1200,City: 127,ID: 334
Fname: 207,Lname: 205,City: 1198,ID: 137
Fname: 1149,Lname: 701,City: 1168,ID: 1141
Fname: 796,Lname: 1081,City: 635,ID: 839
Fname: 167,Lname: 1057,City: 581,ID: 1483
Fname: 1168,Lname: 597,City: 858,ID: 445
Fname: 156,Lname: 596,City: 1221,ID: 392
Fname: 878,Lname: 853,City: 1227,ID: 761
Fname: 536,Lname: 1222,City: 382,ID: 909
Fname: 1327,Lname: 549,City: 1344,ID: 731
Fname: 677,Lname: 665,City: 59,ID: 264
Fname: 1213,Lname: 749,City: 486,ID: 203
Fname: 1472,Lname: 63,City: 1147,ID: 37
Fname: 610,Lname: 614,City: 1234,ID: 760
Fname: 1256,Lname: 485,City: 711,ID: 941
Fname: 728,Lname: 1130,City: 641,ID: 50
Fname: 1268,Lname: 754,City: 1238,ID: 754
Fname: 171,Lname: 645,City: 422,ID: 154
Fname: 513,Lname: 714,City: 826,ID: 451
Fname: 871,Lname: 917,City: 1339,ID: 319
Fname: 448,Lname: 364,City: 1372,ID: 1247
Fname: 470,Lname: 1470,City: 67,ID: 1246
Fname: 100,Lname: 1083,City: 917,ID: 1466
Fname: 107,Lname: 457,City: 271,ID: 769
Fname: 59,Lname: 519,City: 708,ID: 362
Fname: 439,Lname: 745,City: 1222,ID: 1141
Fname: 1266,Lname: 24,City: 783,ID: 98
Fname: 77,Lname: 96,City: 650,ID: 1448
Fname: 819,Lname: 1030,City: 181,ID: 169
Fname: 332,Lname: 193,City: 746,ID: 662
Fname: 776,Lname: 1289,City: 556,ID: 404
Fname: 702,Lname: 1043,City: 833,ID: 688
Fname: 571,Lname: 1027,City: 79,ID: 325
Fname: 717,Lname: 538,City: 968,ID: 1044
Fname: 1019,Lname: 802,City: 679,ID: 1199
Fname: 379,Lname: 638,City: 184,ID: 1315
Fname: 187,Lname: 1384,City: 443,ID: 771
Fname: 1207,Lname: 13,City: 551,ID: 1235
Fname: 1277,Lname: 1285,City: 67,ID: 420
Fname: 1078,Lname: 123,City: 224,ID: 949
Fname: 400,Lname: 1013,City: 1451,ID: 766
Fname: 546,Lname: 1292,City: 553,ID: 290
Fname: 1369,Lname: 1486,City: 1142,ID: 898
Fname: 868,Lname: 1304,City: 1326,ID: 24
Fname: 740,Lname: 100,City: 73,ID: 368
Fname: 496,Lname: 556,City: 759,ID: 534
Fname: 581,Lname: 1176,City: 529,ID: 1255
Fname: 999,Lname: 545,City: 731,ID: 933
Fname: 1130,Lname: 176,City: 486,ID: 250
Fname: 1008,Lname: 146,City: 84,ID: 310
Fname: 292,Lname: 16,City: 1135,ID: 176
Fname: 1404,Lname: 199,City: 521,ID: 910
Fname: 1099,Lname: 1198,City: 2,ID: 366
Fname: 935,Lname: 1480,City: 604,ID: 813
Fname: 522,Lname: 729,City: 907,ID: 1028
Fname: 1129,Lname: 440,City: 1428,ID: 334
Fname: 872,Lname: 1087,City: 936,ID: 1204
Fname: 1478,Lname: 77,City: 874,ID: 1024
Fname: 913,Lname: 1003,City: 1116,ID: 574
Fname: 1328,Lname: 1067,City: 405,ID: 889
Fname: 1265,Lname: 1345,City: 365,ID: 994
Fname: 852,Lname: 523,City: 1066,ID: 1400
Fname: 974,Lname: 1228,City: 102,ID: 849
Fname: 446,Lname: 15,City: 390,ID: 10
Fname: 907,Lname: 75,City: 980,ID: 371
Fname: 747,Lname: 289,City: 536,ID: 862
Fname: 1457,Lname: 107,City: 1195,ID: 393
Fname: 628,Lname: 717,City: 1256,ID: 660
Fname: 169,Lname: 1428,City: 1476,ID: 163
Fname: 85,Lname: 389,City: 1104,ID: 968
Fname: 599,Lname: 1012,City: 927,ID: 746
Fname: 118,Lname: 398,City: 369,ID: 1284
Fname: 1439,Lname: 938,City: 290,ID: 453
Fname: 480,Lname: 427,City: 814,ID: 178
Fname: 1394,Lname: 501,City: 34,ID: 1465
Fname: 448,Lname: 352,City: 1065,ID: 877
Fname: 1295,Lname: 762,City: 1067,ID: 114
Fname: 39,Lname: 1061,City: 185,ID: 834
Fname: 1195,Lname: 689,City: 720,ID: 871
Fname: 1388,Lname: 825,City: 1015,ID: 1091
Fname: 225,Lname: 1250,City: 1016,ID: 1368
Fname: 1242,Lname: 1453,City: 1304,ID: 1387
Fname: 640,Lname: 516,City: 1346,ID: 1358
Fname: 405,Lname: 159,City: 282,ID: 414
Fname: 600,Lname: 902,City: 686,ID: 1030
Fname: 1368,Lname: 790,City: 526,ID: 205
Fname: 1276,Lname: 58,City: 525,ID: 47
Fname: 204,Lname: 458,City: 900,ID: 345
Fname: 287,Lname: 903,City: 457,ID: 348
Fname: 236,Lname: 79,City: 629,ID: 1338
Fname: 1077,Lname: 940,City: 1237,ID: 516
Fname: 1426,Lname: 135,City: 1210,ID: 1484
Fname: 767,Lname: 231,City: 148,ID: 330
Fname: 1497,Lname: 1044,City: 1160,ID: 175
Fname: 1058,Lname: 66,City: 295,ID: 947
Fname: 1261,Lname: 911,City: 724,ID: 429
Fname: 1386,Lname: 654,City: 128,ID: 603
Fname: 784,Lname: 1264,City: 821,ID: 797
Fname: 362,Lname: 1029,City: 47,ID: 1448
Fname: 862,Lname: 929,City: 936,ID: 1056
Fname: 231,Lname: 0,City: 361,ID: 397
Fname: 1395,Lname: 1110,City: 1105,ID: 58
Fname: 1073,Lname: 1297,City: 158,ID: 804
Fname: 1322,Lname: 1086,City: 390,ID: 1134
Fname: 9,Lname: 207,City: 965,ID: 907
Fname: 360,Lname: 1176,City: 80,ID: 783
Fname: 1247,Lname: 1292,City: 939,ID: 1463
Fname: 1008,Lname: 1177,City: 1009,ID: 1284
Fname: 633,Lname: 1042,City: 212,ID: 343
Fname: 1306,Lname: 1330,City: 1366,ID: 632
Fname: 511,Lname: 58,City: 110,ID: 1068
Fname: 358,Lname: 558,City: 839,ID: 1324
Fname: 278,Lname: 248,City: 13,ID: 1242
Fname: 642,Lname: 191,City: 883,ID: 747
Fname: 302,Lname: 263,City: 218,ID: 708
Fname: 368,Lname: 79,City: 1105,ID: 1269
Fname: 370,Lname: 1260,City: 581,ID: 1163
Fname: 449,Lname: 598,City: 125,ID: 863
Fname: 653,Lname: 53,City: 941,ID: 515
Fname: 303,Lname: 493,City: 932,ID: 1204
Fname: 40,Lname: 270,City: 269,ID: 1463
Fname: 961,Lname: 466,City: 296,ID: 212
Fname: 1337,Lname: 38,City: 580,ID: 608
Fname: 767,Lname: 627,City: 1143,ID: 1391
Fname: 1243,Lname: 844,City: 1428,ID: 1248
Fname: 1282,Lname: 883,City: 992,ID: 331
Fname: 575,Lname: 905,City: 1133,ID: 275
Fname: 170,Lname: 696,City: 1363,ID: 219
Fname: 619,Lname: 421,City: 1200,ID: 1353
Fname: 1216,Lname: 869,City: 147,ID: 858
Fname: 1022,Lname: 1108,City: 686,ID: 581
Fname: 1266,Lname: 606,City: 1367,ID: 697
Fname: 685,Lname: 466,City: 627,ID: 469
Fname: 1165,Lname: 1202,City: 235,ID: 1263
Fname: 180,Lname: 684,City: 324,ID: 251
Fname: 1017,Lname: 255,City: 379,ID: 369
Fname: 47,Lname: 1090,City: 1131,ID: 45
Fname: 423,Lname: 1398,City: 1043,ID: 913
Fname: 1164,Lname: 1213,City: 755,ID: 1454
Fname: 93,Lname: 1236,City: 208,ID: 1075
Fname: 1063,Lname: 569,City: 1078,ID: 1170
Fname: 1456,Lname: 891,City: 823,ID: 406
Fname: 630,Lname: 1001,City: 560,ID: 412
Fname: 268,Lname: 388,City: 339,ID: 961
Fname: 1181,Lname: 880,City: 1471,ID: 1029
Fname: 523,Lname: 506,City: 373,ID: 1343
Fname: 1332,Lname: 805,City: 243,ID: 281
Fname: 1426,Lname: 275,City: 1209,ID: 920
Fname: 1048,Lname: 1,City: 510,ID: 1091
Fname: 1196,Lname: 131,City: 557,ID: 1412
Fname: 1254,Lname: 820,City: 1469,ID: 674
Fname: 901,Lname: 1499,City: 1489,ID: 806
Fname: 782,Lname: 1258,City: 1203,ID: 1453
Fname: 1229,Lname: 758,City: 13,ID: 519
Fname: 905,Lname: 887,City: 157,ID: 1072
Fname: 827,Lname: 729,City: 788,ID: 1485
Fname: 378,Lname: 1492,City: 1209,ID: 960
Fname: 742,Lname: 239,City: 1083,ID: 156
Fname: 544,Lname: 1243,City: 1206,ID: 700
Fname: 1132,Lname: 798,City: 1180,ID: 846
Fname: 129,Lname: 1034,City: 1221,ID: 916
Fname: 80,Lname: 655,City: 479,ID: 1131
Fname: 782,Lname: 30,City: 558,ID: 1353
Fname: 322,Lname: 1296,City: 977,ID: 909
Fname: 17,Lname: 1036,City: 848,ID: 1221
Fname: 1151,Lname: 131,City: 61,ID: 4
Fname: 406,Lname: 1267,City: 293,ID: 1400
Fname: 1451,Lname: 890,City: 696,ID: 1395
Fname: 1085,Lname: 1070,City: 345,ID: 475
Fname: 1410,Lname: 878,City: 1256,ID: 1345
Fname: 1239,Lname: 1057,City: 1381,ID: 811
Fname: 1161,Lname: 710,City: 814,ID: 1035
Fname: 818,Lname: 1245,City: 382,ID: 1200
Fname: 72,Lname: 289,City: 693,ID: 16
Fname: 1304,Lname: 1294,City: 791,ID: 134
Fname: 206,Lname: 359,City: 1239,ID: 21
Fname: 670,Lname: 1387,City: 969,ID: 1050
Fname: 1453,Lname: 745,City: 637,ID: 277
Fname: 1065,Lname: 1391,City: 15,ID: 1037
Fname: 405,Lname: 1110,City: 332,ID: 1285
Fname: 1331,Lname: 245,City: 371,ID: 1297
Fname: 668,Lname: 1013,City: 861,ID: 1048
Fname: 840,Lname: 1382,City: 1406,ID: 641
Fname: 1244,Lname: 1252,City: 395,ID: 1161
Fname: 124,Lname: 1252,City: 99,ID: 1478
Fname: 407,Lname: 1193,City: 994,ID: 1073
Fname: 64,Lname: 1014,City: 1352,ID: 113
Fname: 273,Lname: 1390,City: 1061,ID: 345
Fname: 739,Lname: 1335,City: 748,ID: 817
Fname: 1220,Lname: 897,City: 596,ID: 324
Fname: 647,Lname: 46,City: 742,ID: 213
Fname: 541,Lname: 1286,City: 176,ID: 1413
Fname: 47,Lname: 1352,City: 637,ID: 916
Fname: 430,Lname: 124,City: 1120,ID: 959
Fname: 272,Lname: 1402,City: 1103,ID: 828
Fname: 87,Lname: 1268,City: 441,ID: 1212
Fname: 718,Lname: 237,City: 317,ID: 1355
Fname: 582,Lname: 148,City: 468,ID: 273
Fname: 629,Lname: 1396,City: 78,ID: 954
Fname: 469,Lname: 1364,City: 1115,ID: 32
Fname: 339,Lname: 1199,City: 1355,ID: 640
Fname: 982,Lname: 1108,City: 877,ID: 332
Fname: 187,Lname: 74,City: 178,ID: 993
Fname: 461,Lname: 161,City: 1385,ID: 1213
Fname: 432,Lname: 628,City: 986,ID: 951
Fname: 324,Lname: 517,City: 480,ID: 390
Fname: 539,Lname: 1173,City: 980,ID: 1295
Fname: 844,Lname: 702,City: 610,ID: 1428
Fname: 709,Lname: 781,City: 296,ID: 751
Fname: 1033,Lname: 1256,City: 446,ID: 791
Fname: 1035,Lname: 134,City: 1102,ID: 1354
Fname: 605,Lname: 1179,City: 1459,ID: 1042
Fname: 1226,Lname: 985,City: 1028,ID: 799
Fname: 998,Lname: 1192,City: 404,ID: 673
Fname: 909,Lname: 1405,City: 1440,ID: 631
Fname: 1299,Lname: 123,City: 254,ID: 693
Fname: 1260,Lname: 1005,City: 865,ID: 1303
Fname: 890,Lname: 866,City: 1148,ID: 1194
Fname: 141,Lname: 295,City: 436,ID: 208
Fname: 680,Lname: 155,City: 335,ID: 1295
Fname: 521,Lname: 1183,City: 149,ID: 1360
Fname: 488,Lname: 819,City: 880,ID: 1484
Fname: 1433,Lname: 339,City: 676,ID: 186
Fname: 380,Lname: 6,City: 964,ID: 1347
Fname: 652,Lname: 238,City: 562,ID: 865
Fname: 876,Lname: 237,City: 704,ID: 1142
Fname: 1324,Lname: 1426,City: 556,ID: 610
Fname: 96,Lname: 802,City: 1106,ID: 39
